Name,Administration,Pop2010,Pop2019,Region,city,city2,1,2,3,4,5,6,7,8,9,10,11,12,13,14,15,16,17
Moskva,GMO,11612885,12432531,Central,Moscow,XYZ123,Mokva,NA,NA,NA,NA,NA,NA,NA,NA,NA,NA,NA,NA,NA,NA,NA,NA
Novosibirsk,NSB,1473754,1618039,Siberia,XYZ123,XYZ123,Novosibirsky,NA,NA,NA,NA,NA,NA,NA,NA,NA,NA,NA,NA,NA,NA,NA,NA
Kazan,TAT,1143535,1251969,Volga,Kazan,XYZ123,Karan,Kazany,Kapan,Kazar,Sazan,Kazas,NA,NA,NA,NA,NA,NA,NA,NA,NA,NA,NA
Omsk,OMS,1154116,1164815,Siberia,XYZ123,XYZ123,Omsky,Umsk,NA,NA,NA,NA,NA,NA,NA,NA,NA,NA,NA,NA,NA,NA,NA
Samara,SAM,1164685,1156608,Volga,XYZ123,Kujbysev,Sakmara,Samarka,Samaza,Samarga,Samarta,Samará,NA,NA,NA,NA,NA,NA,NA,NA,NA,NA,NA
Ufa,BAS,1062319,1124226,Volga,XYZ123,XYZ123,Ula,Ura,Uba,Uza,Uga,Usa,Uda,Una,Uya,NA,NA,NA,NA,NA,NA,NA,NA
Perm,PER,991162,1053934,Volga,Perm,XYZ123,Permi,Peri,NA,NA,NA,NA,NA,NA,NA,NA,NA,NA,NA,NA,NA,NA,NA
Krasnodar,KND,744995,918145,Southern,XYZ123,XYZ123,Krasnoyar,NA,NA,NA,NA,NA,NA,NA,NA,NA,NA,NA,NA,NA,NA,NA,NA
Saratov,SAR,837900,841902,Volga,XYZ123,XYZ123,Saratovo,NA,NA,NA,NA,NA,NA,NA,NA,NA,NA,NA,NA,NA,NA,NA,NA
Irkutsk,IRK,587891,623479,Siberia,XYZ123,XYZ123,Irkutsky,NA,NA,NA,NA,NA,NA,NA,NA,NA,NA,NA,NA,NA,NA,NA,NA
Tomsk,TOM,524669,575352,Siberia,XYZ123,XYZ123,Tomsky,Tymsk,NA,NA,NA,NA,NA,NA,NA,NA,NA,NA,NA,NA,NA,NA,NA
Kemerovo,KEM,532981,558662,Siberia,XYZ123,XYZ123,Nemerovo,NA,NA,NA,NA,NA,NA,NA,NA,NA,NA,NA,NA,NA,NA,NA,NA
Penza,PEN,517311,522317,Volga,XYZ123,XYZ123,Menza,NA,NA,NA,NA,NA,NA,NA,NA,NA,NA,NA,NA,NA,NA,NA,NA
Kirov,KIR,473695,512954,Volga,XYZ123,Viatka,Kirovo,Kirova,Kirovo,Kirova,NA,NA,NA,NA,NA,NA,NA,NA,NA,NA,NA,NA,NA
Tula,TUL,501169,479105,Central,XYZ123,XYZ123,Tuma,Tura,Tuxa,Tulai,Tuba,Tulay,Tulan,Tyla,Tuga,Tuyla,Tulat,Sula,Yula,NA,NA,NA,NA
Kursk,KRS,415159,449556,Central,XYZ123,XYZ123,Sursk,Kursky,Kursko,Kulsk,NA,NA,NA,NA,NA,NA,NA,NA,NA,NA,NA,NA,NA
Ivanovo,IVA,408330,405053,Central,XYZ123,XYZ123,Ivanova,Ivankovo,Ivanov,Evanovo,Zvanovo,Ivakovo,Ivanovy,Ivanevo,NA,NA,NA,NA,NA,NA,NA,NA,NA
Surgut,TUM,306675,373940,Ural,XYZ123,XYZ123,Surguty,NA,NA,NA,NA,NA,NA,NA,NA,NA,NA,NA,NA,NA,NA,NA,NA
Cita,ZAB,324444,349983,Far East,Chita,XYZ123,Sita,NA,NA,NA,NA,NA,NA,NA,NA,NA,NA,NA,NA,NA,NA,NA,NA
Kaluga,KLG,324698,336726,Central,XYZ123,XYZ123,Kalga,Paluga,Kalugi,NA,NA,NA,NA,NA,NA,NA,NA,NA,NA,NA,NA,NA,NA
Smolensk,SMO,326861,329427,Central,XYZ123,XYZ123,Smolensky,NA,NA,NA,NA,NA,NA,NA,NA,NA,NA,NA,NA,NA,NA,NA,NA
Saransk,MOR,297415,318578,Volga,XYZ123,XYZ123,Yaransk,NA,NA,NA,NA,NA,NA,NA,NA,NA,NA,NA,NA,NA,NA,NA,NA
Kurgan,KGN,333606,315311,Ural,XYZ123,XYZ123,Kuragan,Kurga,Zurgan,Kargan,Kurgat,Kurgak,Kurtan,Kurgany,Kurkan,Kurlan,NA,NA,NA,NA,NA,NA,NA
Orel,ORL,317747,311625,Central,Oryol,XYZ123,Oral,Urel,Ozel,NA,NA,NA,NA,NA,NA,NA,NA,NA,NA,NA,NA,NA,NA
Podolsk,MOS,255002,304245,Central,Podolsk,"Klimovsk, Lvovskij",Podelsk,Podolsky,NA,NA,NA,NA,NA,NA,NA,NA,NA,NA,NA,NA,NA,NA,NA
Kostroma,KOS,268742,276064,Central,XYZ123,XYZ123,Kostoma,Kostrova,Kostromka,NA,NA,NA,NA,NA,NA,NA,NA,NA,NA,NA,NA,NA,NA
Joskar-Ola,MRE,248782,271868,Volga,Yoshkar-Ola,XYZ123,Joshkar-Ola,NA,NA,NA,NA,NA,NA,NA,NA,NA,NA,NA,NA,NA,NA,NA,NA
Chimki,MOS,207425,254748,Central,Khimki,XYZ123,Shimki,Chirki,NA,NA,NA,NA,NA,NA,NA,NA,NA,NA,NA,NA,NA,NA,NA
Orsk,ORB,239800,227924,Volga,XYZ123,XYZ123,Ursk,Ors,Orik,Orsuk,NA,NA,NA,NA,NA,NA,NA,NA,NA,NA,NA,NA,NA
Bratsk,IRK,246319,227467,Siberia,XYZ123,XYZ123,Bratsky,NA,NA,NA,NA,NA,NA,NA,NA,NA,NA,NA,NA,NA,NA,NA,NA
Blagovescensk,AMU,214390,225810,Far East,Blagoveshchensk,XYZ123,Blagoveschensk,Blagoveschensk,NA,NA,NA,NA,NA,NA,NA,NA,NA,NA,NA,NA,NA,NA,NA
Angarsk,IRK,233567,225489,Siberia,XYZ123,XYZ123,Angarsky,NA,NA,NA,NA,NA,NA,NA,NA,NA,NA,NA,NA,NA,NA,NA,NA
Korolev,MOS,216639,224533,Central,Korolyov,Kaliningrad; Jubilejnyj,Korolevo,Koroleva,Korolevy,NA,NA,NA,NA,NA,NA,NA,NA,NA,NA,NA,NA,NA,NA
Velikij Novgorod,NGR,218717,224297,North West,Veliky Novgorod,XYZ123,Velikiy Novgorod,NA,NA,NA,NA,NA,NA,NA,NA,NA,NA,NA,NA,NA,NA,NA,NA
Mytisci,MOS,179834,222739,Central,Mytishchi,Pirogovskij,Mytischi,NA,NA,NA,NA,NA,NA,NA,NA,NA,NA,NA,NA,NA,NA,NA,NA
Balakovo,SAR,199690,188489,Volga,XYZ123,XYZ123,Balkovo,Bulakovo,Balanovo,Barakovo,Balukovo,Batakovo,Balykovo,NA,NA,NA,NA,NA,NA,NA,NA,NA,NA
Rybinsk,JAR,200771,186575,Central,XYZ123,Andropov,Rybinsky,NA,NA,NA,NA,NA,NA,NA,NA,NA,NA,NA,NA,NA,NA,NA,NA
Abakan,CKS,165214,186201,Siberia,XYZ123,XYZ123,Abakany,NA,NA,NA,NA,NA,NA,NA,NA,NA,NA,NA,NA,NA,NA,NA,NA
Norilsk,KNJ,175365,180976,Siberia,Norilsk,XYZ123,Norinsk,NA,NA,NA,NA,NA,NA,NA,NA,NA,NA,NA,NA,NA,NA,NA,NA
Krasnogorsk,MOS,116896,171793,Central,XYZ123,XYZ123,Krasnogorsky,Krasnoborsk,NA,NA,NA,NA,NA,NA,NA,NA,NA,NA,NA,NA,NA,NA,NA
Zlatoust,CEL,174962,165375,Ural,XYZ123,XYZ123,Zlotoust,NA,NA,NA,NA,NA,NA,NA,NA,NA,NA,NA,NA,NA,NA,NA,NA
Salavat,BAS,156095,151571,Volga,XYZ123,XYZ123,Salavaty,Salamat,NA,NA,NA,NA,NA,NA,NA,NA,NA,NA,NA,NA,NA,NA,NA
Miass,CEL,151751,151275,Ural,XYZ123,XYZ123,Miassy,NA,NA,NA,NA,NA,NA,NA,NA,NA,NA,NA,NA,NA,NA,NA,NA
Kerc,NA,NA,144626,Crim,Kerch,XYZ123,Kera,NA,NA,NA,NA,NA,NA,NA,NA,NA,NA,NA,NA,NA,NA,NA,NA
Berezniki,PER,156466,141276,Volga,XYZ123,XYZ123,Bereznik,NA,NA,NA,NA,NA,NA,NA,NA,NA,NA,NA,NA,NA,NA,NA,NA
Kolomna,MOS,144589,141106,Central,XYZ123,XYZ123,Koloma,Kolmna,Kolomno,Kolonna,Kolona,NA,NA,NA,NA,NA,NA,NA,NA,NA,NA,NA,NA
Kovrov,VLA,145214,135949,Central,XYZ123,XYZ123,Kovrovo,Kovrovy,NA,NA,NA,NA,NA,NA,NA,NA,NA,NA,NA,NA,NA,NA,NA
Scelkovo,MOS,110411,124831,Central,Shchyolkovo,XYZ123,Schelkovo,Selkovo,Shelkovo,Smelkovo,NA,NA,NA,NA,NA,NA,NA,NA,NA,NA,NA,NA,NA
Derbent,DAG,119200,124677,Northern Caucasus,XYZ123,XYZ123,Derbeni,Derben,NA,NA,NA,NA,NA,NA,NA,NA,NA,NA,NA,NA,NA,NA,NA
Novomoskovsk,TUL,131386,123211,Central,XYZ123,XYZ123,Novomoskovsky,NA,NA,NA,NA,NA,NA,NA,NA,NA,NA,NA,NA,NA,NA,NA,NA
Ramenskoje,MOS,96317,119903,Central,Ramenskoye,XYZ123,Ramenskoe,NA,NA,NA,NA,NA,NA,NA,NA,NA,NA,NA,NA,NA,NA,NA,NA
Nazran,ING,93335,119842,Northern Caucasus,Nazran,XYZ123,Naran,NA,NA,NA,NA,NA,NA,NA,NA,NA,NA,NA,NA,NA,NA,NA,NA
Obninsk,KLG,104739,118151,Central,XYZ123,XYZ123,Obvinsk,NA,NA,NA,NA,NA,NA,NA,NA,NA,NA,NA,NA,NA,NA,NA,NA
Seversk,TOM,108590,107036,Siberia,XYZ123,Tomsk-7,Seversky,Severik,NA,NA,NA,NA,NA,NA,NA,NA,NA,NA,NA,NA,NA,NA,NA
Evpatorija,NA,NA,107000,Crim,Yevpatoria,XYZ123,Evpatoria,NA,NA,NA,NA,NA,NA,NA,NA,NA,NA,NA,NA,NA,NA,NA,NA
Reutov,MOS,87314,106962,Central,XYZ123,XYZ123,Reutovo,Reutova,NA,NA,NA,NA,NA,NA,NA,NA,NA,NA,NA,NA,NA,NA,NA
Puskino,MOS,102874,106836,Central,Pushkino,XYZ123,Pupkino,Pushino,Kuskino,Pukino,Guskino,Paskino,NA,NA,NA,NA,NA,NA,NA,NA,NA,NA,NA
Artem,PRI,102603,106460,Far East,Artyom,XYZ123,Ertem,NA,NA,NA,NA,NA,NA,NA,NA,NA,NA,NA,NA,NA,NA,NA,NA
Acinsk,KNJ,109155,105092,Siberia,Achinsk,XYZ123,Aninsk,NA,NA,NA,NA,NA,NA,NA,NA,NA,NA,NA,NA,NA,NA,NA,NA
Arzamas,NNO,106362,103930,Volga,XYZ123,XYZ123,Artamas,NA,NA,NA,NA,NA,NA,NA,NA,NA,NA,NA,NA,NA,NA,NA,NA
Elista,KMK,103749,102618,Southern,XYZ123,XYZ123,Elita,NA,NA,NA,NA,NA,NA,NA,NA,NA,NA,NA,NA,NA,NA,NA,NA
Noginsk,MOS,100072,102295,Central,XYZ123,XYZ123,Nolinsk,Norinsk,Novinsk,NA,NA,NA,NA,NA,NA,NA,NA,NA,NA,NA,NA,NA,NA
Sergijev Posad,MOS,111179,101967,Central,Sergiyev Posad,Zagorsk,Sergiev Posad,NA,NA,NA,NA,NA,NA,NA,NA,NA,NA,NA,NA,NA,NA,NA,NA
Tobolsk,TUM,99694,98857,Ural,Tobolsk,XYZ123,Tobolsky,NA,NA,NA,NA,NA,NA,NA,NA,NA,NA,NA,NA,NA,NA,NA,NA
Serov,SVE,99373,96613,Ural,XYZ123,XYZ123,Serovo,Sedov,NA,NA,NA,NA,NA,NA,NA,NA,NA,NA,NA,NA,NA,NA,NA
Sarapul,UDM,101381,96361,Volga,XYZ123,XYZ123,Sarapuly,NA,NA,NA,NA,NA,NA,NA,NA,NA,NA,NA,NA,NA,NA,NA,NA
Uchta,KOM,99591,95960,North West,Ukhta,XYZ123,Uchka,NA,NA,NA,NA,NA,NA,NA,NA,NA,NA,NA,NA,NA,NA,NA,NA
Voskresensk,MOS,91464,93205,Central,XYZ123,XYZ123,Voskresensky,NA,NA,NA,NA,NA,NA,NA,NA,NA,NA,NA,NA,NA,NA,NA,NA
Glazov,UDM,95854,92381,Volga,XYZ123,XYZ123,Glazovo,Glazok,NA,NA,NA,NA,NA,NA,NA,NA,NA,NA,NA,NA,NA,NA,NA
Magadan,MAG,95982,91781,Far East,XYZ123,XYZ123,Magdan,NA,NA,NA,NA,NA,NA,NA,NA,NA,NA,NA,NA,NA,NA,NA,NA
Velikije Luki,PSK,98778,90549,North West,Velikiye Luki,XYZ123,Velikie Luki,NA,NA,NA,NA,NA,NA,NA,NA,NA,NA,NA,NA,NA,NA,NA,NA
Kansk,KNJ,94226,89111,Siberia,XYZ123,XYZ123,Kaysk,NA,NA,NA,NA,NA,NA,NA,NA,NA,NA,NA,NA,NA,NA,NA,NA
Gubkin,BEL,88560,86422,Central,XYZ123,XYZ123,Gubkino,NA,NA,NA,NA,NA,NA,NA,NA,NA,NA,NA,NA,NA,NA,NA,NA
Kinesma,IVA,88164,81986,Central,Kineshma,XYZ123,Kinerma,NA,NA,NA,NA,NA,NA,NA,NA,NA,NA,NA,NA,NA,NA,NA,NA
Anapa,KND,58990,81447,Southern,XYZ123,XYZ123,Anada,NA,NA,NA,NA,NA,NA,NA,NA,NA,NA,NA,NA,NA,NA,NA,NA
Jurga,KEM,81533,81073,Siberia,Yurga,XYZ123,Kurga,Burga,Turga,Durga,Purga,NA,NA,NA,NA,NA,NA,NA,NA,NA,NA,NA,NA
Novouralsk,SVE,85522,80723,Ural,Novouralsk,Sverdlovsk-44,Novouralsky,NA,NA,NA,NA,NA,NA,NA,NA,NA,NA,NA,NA,NA,NA,NA,NA
Azov,ROS,82937,80286,Southern,XYZ123,XYZ123,Azovo,Azovy,NA,NA,NA,NA,NA,NA,NA,NA,NA,NA,NA,NA,NA,NA,NA
Klin,MOS,80585,79387,Central,XYZ123,XYZ123,Ulin,Kliny,Klon,Klen,NA,NA,NA,NA,NA,NA,NA,NA,NA,NA,NA,NA,NA
Ivantejevka,MOS,58626,79346,Central,Ivanteyevka,XYZ123,Ivanteevka,NA,NA,NA,NA,NA,NA,NA,NA,NA,NA,NA,NA,NA,NA,NA,NA
Ozersk,CEL,82164,78811,Ural,Ozyorsk,Celabinsk-65,Ozersky,NA,NA,NA,NA,NA,NA,NA,NA,NA,NA,NA,NA,NA,NA,NA,NA
Kropotkin,KND,80765,78149,Southern,XYZ123,XYZ123,Kropotkino,NA,NA,NA,NA,NA,NA,NA,NA,NA,NA,NA,NA,NA,NA,NA,NA
Bor,NNO,78058,77454,Volga,XYZ123,XYZ123,Bar,Bom,Dor,Bur,Bon,Bori,Sor,Bory,NA,NA,NA,NA,NA,NA,NA,NA,NA
Vyborg,LEN,79962,76389,North West,XYZ123,XYZ123,Vybor,NA,NA,NA,NA,NA,NA,NA,NA,NA,NA,NA,NA,NA,NA,NA,NA
Dubna,MOS,70663,75001,Central,XYZ123,XYZ123,Dugna,Dubina,Dubno,NA,NA,NA,NA,NA,NA,NA,NA,NA,NA,NA,NA,NA,NA
Belovo,KEM,76764,71812,Siberia,XYZ123,XYZ123,Bekovo,Beloevo,Belov,Besovo,Bylovo,Belkovo,Bilovo,Betovo,Belevo,Selovo,Delovo,Beglovo,Bezovo,NA,NA,NA,NA
Vidnoje,MOS,56752,71482,Central,Vidnoye,XYZ123,Vidnoe,NA,NA,NA,NA,NA,NA,NA,NA,NA,NA,NA,NA,NA,NA,NA,NA
Dmitrov,MOS,61305,68666,Central,XYZ123,XYZ123,Dimitrov,Dmitrovo,NA,NA,NA,NA,NA,NA,NA,NA,NA,NA,NA,NA,NA,NA,NA
Tujmazy,BAS,66836,68587,Volga,Tuymazy,XYZ123,Tumazy,NA,NA,NA,NA,NA,NA,NA,NA,NA,NA,NA,NA,NA,NA,NA,NA
Sosnovyj Bor,LEN,65788,68344,North West,Sosnovy Bor,XYZ123,Sosnovy Bor,NA,NA,NA,NA,NA,NA,NA,NA,NA,NA,NA,NA,NA,NA,NA,NA
Kstovo,NNO,66657,67439,Volga,XYZ123,XYZ123,Ketovo,Kitovo,Kostovo,Kustovo,NA,NA,NA,NA,NA,NA,NA,NA,NA,NA,NA,NA,NA
Georgijevsk,STA,72153,67054,Northern Caucasus,Georgiyevsk,XYZ123,Georgievsk,NA,NA,NA,NA,NA,NA,NA,NA,NA,NA,NA,NA,NA,NA,NA,NA
Sunza,ING,61598,66047,Northern Caucasus,Sunzha,Ordzonikidzevskaja,Suna,NA,NA,NA,NA,NA,NA,NA,NA,NA,NA,NA,NA,NA,NA,NA,NA
Stupino,MOS,66816,65990,Central,XYZ123,XYZ123,Stunino,Stepino,Stupkino,NA,NA,NA,NA,NA,NA,NA,NA,NA,NA,NA,NA,NA,NA
Belogorsk,AMU,68249,65809,Far East,XYZ123,XYZ123,Belomorsk,Belogorsky,Beloborsk,NA,NA,NA,NA,NA,NA,NA,NA,NA,NA,NA,NA,NA,NA
Kungur,PER,66074,65284,Volga,XYZ123,XYZ123,Kunkur,Kundur,Kunger,Kungul,Bungur,Sungur,Kongur,NA,NA,NA,NA,NA,NA,NA,NA,NA,NA
Isim,TUM,65243,64653,Ural,Ishim,XYZ123,Ilim,Isit,NA,NA,NA,NA,NA,NA,NA,NA,NA,NA,NA,NA,NA,NA,NA
Pavlovskij Posad,MOS,63711,63940,Central,Pavlovsky Posad,XYZ123,Pavlovskiy Posad,NA,NA,NA,NA,NA,NA,NA,NA,NA,NA,NA,NA,NA,NA,NA,NA
Gukovo,ROS,67278,63771,Southern,XYZ123,XYZ123,Gurovo,Pukovo,Gudovo,Gukov,Sukovo,Bukovo,Lukovo,Gutovo,Gudkovo,Rukovo,Tukovo,Gunkovo,Kukovo,Gusovo,NA,NA,NA
Klincy,BRA,62510,63050,Central,Klintsy,XYZ123,Kliny,NA,NA,NA,NA,NA,NA,NA,NA,NA,NA,NA,NA,NA,NA,NA,NA
Donskoj,TUL,64552,63014,Central,Donskoy,XYZ123,Donskoe,NA,NA,NA,NA,NA,NA,NA,NA,NA,NA,NA,NA,NA,NA,NA,NA
Revda,SVE,61875,62326,Ural,XYZ123,XYZ123,Remda,NA,NA,NA,NA,NA,NA,NA,NA,NA,NA,NA,NA,NA,NA,NA,NA
Volsk,SAR,66508,62195,Volga,Volsk,XYZ123,Volok,Dolsk,NA,NA,NA,NA,NA,NA,NA,NA,NA,NA,NA,NA,NA,NA,NA
Budennovsk,STA,64624,62073,Northern Caucasus,Budyonnovsk,XYZ123,Budennovsky,NA,NA,NA,NA,NA,NA,NA,NA,NA,NA,NA,NA,NA,NA,NA,NA
Zelenogorsk,KNJ,66056,61915,Siberia,XYZ123,Krasnojarsk-45,Zelenoborsk,Zelenogorsky,NA,NA,NA,NA,NA,NA,NA,NA,NA,NA,NA,NA,NA,NA,NA
Kotlas,ARC,60562,61821,North West,XYZ123,XYZ123,Koltas,NA,NA,NA,NA,NA,NA,NA,NA,NA,NA,NA,NA,NA,NA,NA,NA
Lysva,PER,65918,60947,Volga,Lysva,XYZ123,Lasva,Lyva,NA,NA,NA,NA,NA,NA,NA,NA,NA,NA,NA,NA,NA,NA,NA
Borisoglebsk,VRN,65585,60878,Central,XYZ123,XYZ123,Borisoglebsky,NA,NA,NA,NA,NA,NA,NA,NA,NA,NA,NA,NA,NA,NA,NA,NA
Labinsk,KND,62864,59842,Southern,XYZ123,XYZ123,Lakinsk,Labensk,NA,NA,NA,NA,NA,NA,NA,NA,NA,NA,NA,NA,NA,NA,NA
Krymsk,KND,57382,57822,Southern,XYZ123,XYZ123,Karymsk,Krymsky,Krymok,NA,NA,NA,NA,NA,NA,NA,NA,NA,NA,NA,NA,NA,NA
Scekino,TUL,58139,57683,Central,Shchyokino,XYZ123,Schekino,Shekino,NA,NA,NA,NA,NA,NA,NA,NA,NA,NA,NA,NA,NA,NA,NA
Suja,IVA,58486,57569,Central,Shuya,XYZ123,Suda,Suna,Sura,Suma,Suxa,Sula,Suya,NA,NA,NA,NA,NA,NA,NA,NA,NA,NA
Salsk,ROS,61316,57128,Southern,Salsk,XYZ123,Lalsk,Salik,NA,NA,NA,NA,NA,NA,NA,NA,NA,NA,NA,NA,NA,NA,NA
Pavlovo,NNO,60698,57028,Volga,XYZ123,XYZ123,Pavlova,Palovo,Pavlov,Paslovo,Savlovo,NA,NA,NA,NA,NA,NA,NA,NA,NA,NA,NA,NA
Krasnoturinsk,SVE,59633,56584,Ural,Krasnoturyinsk,XYZ123,Krasnoturansk,NA,NA,NA,NA,NA,NA,NA,NA,NA,NA,NA,NA,NA,NA,NA,NA
Sertolovo,LEN,47457,54497,North West,XYZ123,XYZ123,Setolovo,Serbolovo,NA,NA,NA,NA,NA,NA,NA,NA,NA,NA,NA,NA,NA,NA,NA
Sali,CEC,47708,54168,Northern Caucasus,Shali,XYZ123,Saki,Salmi,Salik,Sala,Kali,Pali,NA,NA,NA,NA,NA,NA,NA,NA,NA,NA,NA
Liski,VRN,55864,53634,Central,XYZ123,XYZ123,Lipki,Leski,Viski,Lishki,Lisri,NA,NA,NA,NA,NA,NA,NA,NA,NA,NA,NA,NA
Zigulevsk,SAM,55565,52455,Volga,Zhigulyovsk,XYZ123,Zhigulevsk,NA,NA,NA,NA,NA,NA,NA,NA,NA,NA,NA,NA,NA,NA,NA,NA
Timasevsk,KND,53924,51443,Southern,Timashyovsk,XYZ123,Timashevsk,NA,NA,NA,NA,NA,NA,NA,NA,NA,NA,NA,NA,NA,NA,NA,NA
Kirisi,LEN,52309,50750,North West,Kirishi,XYZ123,Kiriki,NA,NA,NA,NA,NA,NA,NA,NA,NA,NA,NA,NA,NA,NA,NA,NA
Nazarovo,KNJ,52817,49825,Siberia,XYZ123,XYZ123,Nazarova,Nazarov,Kazarovo,Bazarovo,Nazarovy,Nazarkovo,NA,NA,NA,NA,NA,NA,NA,NA,NA,NA,NA
Mozga,UDM,47961,49093,Volga,Mozhga,XYZ123,Morga,Moga,Muzga,NA,NA,NA,NA,NA,NA,NA,NA,NA,NA,NA,NA,NA,NA
Borovici,NGR,53690,49071,North West,Borovichi,XYZ123,Boroviki,NA,NA,NA,NA,NA,NA,NA,NA,NA,NA,NA,NA,NA,NA,NA,NA
Lesnoj,SVE,50363,49054,Ural,Lesnoy,Sverdlovsk-45,Lesnoe,NA,NA,NA,NA,NA,NA,NA,NA,NA,NA,NA,NA,NA,NA,NA,NA
Kurganinsk,KND,47970,48439,Southern,XYZ123,XYZ123,Kurganinsky,NA,NA,NA,NA,NA,NA,NA,NA,NA,NA,NA,NA,NA,NA,NA,NA
Talnach,KNJ,47307,47307,Siberia,Talnakh,XYZ123,Talach,NA,NA,NA,NA,NA,NA,NA,NA,NA,NA,NA,NA,NA,NA,NA,NA
Livny,ORL,50343,47179,Central,XYZ123,XYZ123,Divny,NA,NA,NA,NA,NA,NA,NA,NA,NA,NA,NA,NA,NA,NA,NA,NA
Birsk,BAS,41635,46362,Volga,XYZ123,XYZ123,Borsk,NA,NA,NA,NA,NA,NA,NA,NA,NA,NA,NA,NA,NA,NA,NA,NA
Zarinsk,ALT,48461,46254,Siberia,XYZ123,XYZ123,Zorinsk,NA,NA,NA,NA,NA,NA,NA,NA,NA,NA,NA,NA,NA,NA,NA,NA
Kanas,CUV,45607,45222,Volga,Kanash,XYZ123,Manas,Kanal,Kazas,NA,NA,NA,NA,NA,NA,NA,NA,NA,NA,NA,NA,NA,NA
Nadym,TUM,46611,44705,Ural,XYZ123,XYZ123,Narym,Nidym,NA,NA,NA,NA,NA,NA,NA,NA,NA,NA,NA,NA,NA,NA,NA
Ruzajevka,MOR,47523,44504,Volga,Ruzayevka,XYZ123,Ruzaevka,NA,NA,NA,NA,NA,NA,NA,NA,NA,NA,NA,NA,NA,NA,NA,NA
Kimry,TVE,49628,44125,Central,XYZ123,XYZ123,Gimry,NA,NA,NA,NA,NA,NA,NA,NA,NA,NA,NA,NA,NA,NA,NA,NA
Krasnoznamensk,MOS,36103,42472,Central,XYZ123,Golicyno-2,Krasnoznamensky,NA,NA,NA,NA,NA,NA,NA,NA,NA,NA,NA,NA,NA,NA,NA,NA
Osinniki,KEM,46001,41887,Siberia,XYZ123,XYZ123,Osinnik,NA,NA,NA,NA,NA,NA,NA,NA,NA,NA,NA,NA,NA,NA,NA,NA
Safonovo,SMO,46116,41510,Central,XYZ123,XYZ123,Sazonovo,Sofonovo,Safonova,Safronovo,NA,NA,NA,NA,NA,NA,NA,NA,NA,NA,NA,NA,NA
Karabulak,ING,30961,41469,Northern Caucasus,XYZ123,XYZ123,Karabula,Karabutak,NA,NA,NA,NA,NA,NA,NA,NA,NA,NA,NA,NA,NA,NA,NA
Satka,CEL,45178,41339,Ural,XYZ123,XYZ123,Setka,Satkan,Sarka,Sutka,Matka,Gatka,Savka,Satra,Salka,NA,NA,NA,NA,NA,NA,NA,NA
Sebekino,BEL,44279,41336,Central,Shebekino,XYZ123,Sebekin,NA,NA,NA,NA,NA,NA,NA,NA,NA,NA,NA,NA,NA,NA,NA,NA
Tulun,IRK,44611,41279,Siberia,XYZ123,XYZ123,Kulun,Bulun,Tuldun,Tulan,NA,NA,NA,NA,NA,NA,NA,NA,NA,NA,NA,NA,NA
Pugacev,SAR,41707,40927,Volga,Pugachyov,XYZ123,Pugachev,NA,NA,NA,NA,NA,NA,NA,NA,NA,NA,NA,NA,NA,NA,NA,NA
Sosnovoborsk,KNJ,33091,40614,Siberia,XYZ123,XYZ123,Sosnovoborsky,NA,NA,NA,NA,NA,NA,NA,NA,NA,NA,NA,NA,NA,NA,NA,NA
Uraj,TUM,39457,40292,Ural,Uray,XYZ123,Ural,Urai,Uran,Ura,NA,NA,NA,NA,NA,NA,NA,NA,NA,NA,NA,NA,NA
Tutajev,JAR,41005,39883,Central,Tutayev,XYZ123,Tutaev,NA,NA,NA,NA,NA,NA,NA,NA,NA,NA,NA,NA,NA,NA,NA,NA
Sovetsk,KLN,41705,39150,North West,XYZ123,Tilsit,Sovets,NA,NA,NA,NA,NA,NA,NA,NA,NA,NA,NA,NA,NA,NA,NA,NA
Amursk,CBR,42970,39046,Far East,XYZ123,XYZ123,Amursky,NA,NA,NA,NA,NA,NA,NA,NA,NA,NA,NA,NA,NA,NA,NA,NA
Rtiscevo,SAR,41289,38663,Volga,Rtishchevo,XYZ123,Rtischevo,NA,NA,NA,NA,NA,NA,NA,NA,NA,NA,NA,NA,NA,NA,NA,NA
Abinsk,KND,34928,38547,Southern,XYZ123,XYZ123,Aninsk,NA,NA,NA,NA,NA,NA,NA,NA,NA,NA,NA,NA,NA,NA,NA,NA
Baksan,KBA,36860,38361,Northern Caucasus,XYZ123,XYZ123,Baklan,Baskan,Bakshan,NA,NA,NA,NA,NA,NA,NA,NA,NA,NA,NA,NA,NA,NA
Mariinsk,KEM,40526,38209,Siberia,XYZ123,XYZ123,Mariinsky,Marininsk,NA,NA,NA,NA,NA,NA,NA,NA,NA,NA,NA,NA,NA,NA,NA
Argun,CEC,29525,38169,Northern Caucasus,XYZ123,XYZ123,Arzgun,Urgun,Amgun,NA,NA,NA,NA,NA,NA,NA,NA,NA,NA,NA,NA,NA,NA
Usinsk,KOM,40827,38038,North West,XYZ123,XYZ123,Usinsky,Udinsk,NA,NA,NA,NA,NA,NA,NA,NA,NA,NA,NA,NA,NA,NA,NA
Ucaly,BAS,37788,37710,Volga,Uchaly,XYZ123,Uraly,Uvaly,Udaly,NA,NA,NA,NA,NA,NA,NA,NA,NA,NA,NA,NA,NA,NA
Konakovo,TVE,41291,37545,Central,XYZ123,XYZ123,Konokovo,Monakovo,Konanovo,Konkovo,Kondakovo,Kunakovo,NA,NA,NA,NA,NA,NA,NA,NA,NA,NA,NA
Alapajevsk,SVE,38192,37219,Ural,Alapayevsk,XYZ123,Alapaevsk,NA,NA,NA,NA,NA,NA,NA,NA,NA,NA,NA,NA,NA,NA,NA,NA
Partizansk,PRI,38659,36992,Far East,XYZ123,XYZ123,Partizansky,NA,NA,NA,NA,NA,NA,NA,NA,NA,NA,NA,NA,NA,NA,NA,NA
Rez,SVE,38215,36843,Ural,Rezh,XYZ123,Kez,Rel,Reza,NA,NA,NA,NA,NA,NA,NA,NA,NA,NA,NA,NA,NA,NA
Tosno,LEN,39101,36791,North West,XYZ123,XYZ123,Sosno,NA,NA,NA,NA,NA,NA,NA,NA,NA,NA,NA,NA,NA,NA,NA,NA
Frolovo,VGG,39449,36513,Southern,XYZ123,XYZ123,Frolov,NA,NA,NA,NA,NA,NA,NA,NA,NA,NA,NA,NA,NA,NA,NA,NA
Kystym,CEL,38942,36414,Ural,Kyshtym,XYZ123,Kestym,NA,NA,NA,NA,NA,NA,NA,NA,NA,NA,NA,NA,NA,NA,NA,NA
Kinel,SAM,34491,35715,Volga,XYZ123,XYZ123,Kipel,Kiner,Khinel,NA,NA,NA,NA,NA,NA,NA,NA,NA,NA,NA,NA,NA,NA
Lesozavodsk,PRI,37034,35310,Far East,XYZ123,XYZ123,Lesozavodsky,NA,NA,NA,NA,NA,NA,NA,NA,NA,NA,NA,NA,NA,NA,NA,NA
Millerovo,ROS,36499,35208,Southern,XYZ123,XYZ123,Millerov,Millerova,NA,NA,NA,NA,NA,NA,NA,NA,NA,NA,NA,NA,NA,NA,NA
Novokubansk,KND,34880,35173,Southern,XYZ123,XYZ123,Novokubansky,NA,NA,NA,NA,NA,NA,NA,NA,NA,NA,NA,NA,NA,NA,NA,NA
Kamenka,PEN,39577,35154,Volga,XYZ123,XYZ123,Kamenki,NA,NA,NA,NA,NA,NA,NA,NA,NA,NA,NA,NA,NA,NA,NA,NA
Luga,LEN,38593,35000,North West,XYZ123,XYZ123,Luza,Luna,Lyuga,Lunga,Lug,Puga,Luda,Luka,Lugan,Tuga,Liga,Ruga,Loga,Lauga,Lugi,NA,NA
Blagovescensk,BAS,34239,34967,Volga,Blagoveshchensk,XYZ123,Blagoveschensk,Blagoveschensk,NA,NA,NA,NA,NA,NA,NA,NA,NA,NA,NA,NA,NA,NA,NA
Aznakajevo,TAT,34853,34587,Volga,Aznakayevo,XYZ123,Aznakaevo,NA,NA,NA,NA,NA,NA,NA,NA,NA,NA,NA,NA,NA,NA,NA,NA
Gaj,ORB,38301,34205,Volga,Gay,XYZ123,Gai,Gam,Gar,NA,NA,NA,NA,NA,NA,NA,NA,NA,NA,NA,NA,NA,NA
Korkino,CEL,38597,34166,Ural,XYZ123,XYZ123,Kurkino,Kokino,Norkino,Zorkino,Kotkino,Kormino,Konkino,Korsino,Korino,Gorkino,Kornino,Korokino,Korbino,Korzino,Karkino,Iorkino,Koskino
Bogorodsk,NNO,35499,33931,Volga,XYZ123,XYZ123,Bogorodsky,NA,NA,NA,NA,NA,NA,NA,NA,NA,NA,NA,NA,NA,NA,NA,NA
Korsakov,SCL,33526,33645,Far East,XYZ123,XYZ123,Korsakovo,NA,NA,NA,NA,NA,NA,NA,NA,NA,NA,NA,NA,NA,NA,NA,NA
Istra,MOS,35111,33535,Central,XYZ123,XYZ123,Iskra,Ista,Ishtra,NA,NA,NA,NA,NA,NA,NA,NA,NA,NA,NA,NA,NA,NA
Furmanov,IVA,36144,33364,Central,XYZ123,XYZ123,Furmanovo,NA,NA,NA,NA,NA,NA,NA,NA,NA,NA,NA,NA,NA,NA,NA,NA
Tavda,SVE,35421,32932,Ural,XYZ123,XYZ123,Pavda,Tanda,Talda,NA,NA,NA,NA,NA,NA,NA,NA,NA,NA,NA,NA,NA,NA
Tynda,AMU,36275,32920,Far East,XYZ123,XYZ123,Tygda,Tanda,Tunda,NA,NA,NA,NA,NA,NA,NA,NA,NA,NA,NA,NA,NA,NA
Satura,MOS,32885,32384,Central,Shatura,XYZ123,Satra,NA,NA,NA,NA,NA,NA,NA,NA,NA,NA,NA,NA,NA,NA,NA,NA
Slobodskoj,KIR,33981,32382,Volga,Slobodskoy,XYZ123,Slobodskoe,NA,NA,NA,NA,NA,NA,NA,NA,NA,NA,NA,NA,NA,NA,NA,NA
Nurlat,TAT,32601,32345,Volga,XYZ123,XYZ123,Nurlaty,NA,NA,NA,NA,NA,NA,NA,NA,NA,NA,NA,NA,NA,NA,NA,NA
Kulebaki,NNO,35759,32076,Volga,XYZ123,XYZ123,Kulbaki,NA,NA,NA,NA,NA,NA,NA,NA,NA,NA,NA,NA,NA,NA,NA,NA
Tejkovo,IVA,34976,32033,Central,Teykovo,XYZ123,Tenkovo,Terkovo,NA,NA,NA,NA,NA,NA,NA,NA,NA,NA,NA,NA,NA,NA,NA
Kudrovo,LEN,NA,31577,North West,XYZ123,XYZ123,Kurovo,Kedrovo,Dudrovo,Mudrovo,NA,NA,NA,NA,NA,NA,NA,NA,NA,NA,NA,NA,NA
Marks,SAR,31531,31184,Volga,XYZ123,XYZ123,Mars,Marki,NA,NA,NA,NA,NA,NA,NA,NA,NA,NA,NA,NA,NA,NA,NA
Zima,IRK,32508,30818,Siberia,XYZ123,XYZ123,Bima,Sima,Zama,Zimy,NA,NA,NA,NA,NA,NA,NA,NA,NA,NA,NA,NA,NA
Rostov,JAR,31792,30700,Central,XYZ123,XYZ123,Rostovo,Rostok,NA,NA,NA,NA,NA,NA,NA,NA,NA,NA,NA,NA,NA,NA,NA
Tomilino,MOS,30605,30482,Central,XYZ123,XYZ123,Tomilkino,NA,NA,NA,NA,NA,NA,NA,NA,NA,NA,NA,NA,NA,NA,NA,NA
Kirov,KLG,31882,30334,Central,XYZ123,XYZ123,Kirovo,Kirova,Kirovo,Kirova,NA,NA,NA,NA,NA,NA,NA,NA,NA,NA,NA,NA,NA
Kochma,IVA,29411,30220,Central,Kokhma,XYZ123,Kichma,Kochka,Kuchma,Kochema,NA,NA,NA,NA,NA,NA,NA,NA,NA,NA,NA,NA,NA
Dedovsk,MOS,29108,30061,Central,XYZ123,XYZ123,Dedovsky,NA,NA,NA,NA,NA,NA,NA,NA,NA,NA,NA,NA,NA,NA,NA,NA
Ob,NSB,25382,29739,Siberia,XYZ123,XYZ123,Yb,Oy,Ol,Obo,Om,NA,NA,NA,NA,NA,NA,NA,NA,NA,NA,NA,NA
Kasimov,RAZ,33491,29700,Central,XYZ123,XYZ123,Kasimovo,NA,NA,NA,NA,NA,NA,NA,NA,NA,NA,NA,NA,NA,NA,NA,NA
Dagestanskije Ogni,DAG,27923,29555,Northern Caucasus,Dagestanskiye Ogni,XYZ123,Dagestanskie Ogni,NA,NA,NA,NA,NA,NA,NA,NA,NA,NA,NA,NA,NA,NA,NA,NA
Kotovsk,TAM,31850,29377,Central,XYZ123,XYZ123,Kotovsky,Korovsk,NA,NA,NA,NA,NA,NA,NA,NA,NA,NA,NA,NA,NA,NA,NA
Asa,CEL,31881,29274,Ural,Asha,XYZ123,Aya,Aspa,Aga,Aba,Isa,Ala,Usa,Asan,Atsa,Asy,NA,NA,NA,NA,NA,NA,NA
Markova,IRK,9894,29141,Siberia,XYZ123,XYZ123,Markovo,Yarkova,Markovka,Mankova,Malkova,Karkova,NA,NA,NA,NA,NA,NA,NA,NA,NA,NA,NA
Gagarin,SMO,31721,28797,Central,XYZ123,XYZ123,Gagarino,Gagarina,NA,NA,NA,NA,NA,NA,NA,NA,NA,NA,NA,NA,NA,NA,NA
Petrovsk,SAR,31160,28490,Volga,XYZ123,XYZ123,Petrovsky,NA,NA,NA,NA,NA,NA,NA,NA,NA,NA,NA,NA,NA,NA,NA,NA
Kartaly,CEL,29131,28442,Ural,XYZ123,XYZ123,Karmaly,Kargaly,Kartalay,Kartali,NA,NA,NA,NA,NA,NA,NA,NA,NA,NA,NA,NA,NA
Gusev,KLN,28260,28307,North West,XYZ123,Gumbinnen,Gusevo,Guseva,NA,NA,NA,NA,NA,NA,NA,NA,NA,NA,NA,NA,NA,NA,NA
Tara,OMS,27318,27975,Siberia,XYZ123,XYZ123,Tura,Sara,Nara,Tarma,Tarat,Tarza,Kara,Taraz,Taray,Tira,Tary,Mara,Targa,NA,NA,NA,NA
Novotitarovskaja,KND,24754,27760,Southern,XYZ123,XYZ123,Novotitarovskaya,NA,NA,NA,NA,NA,NA,NA,NA,NA,NA,NA,NA,NA,NA,NA,NA
Topki,KEM,28641,27639,Siberia,XYZ123,XYZ123,Toki,Kopki,Popki,Topka,Sopki,Tupki,NA,NA,NA,NA,NA,NA,NA,NA,NA,NA,NA
Kusva,SVE,30167,27624,Ural,Kushva,XYZ123,Yusva,Kuva,Kusha,Kuzva,Kisva,Kosva,NA,NA,NA,NA,NA,NA,NA,NA,NA,NA,NA
Znamensk,AST,29401,27071,Southern,XYZ123,Kasputin Jar-1,Znamensky,NA,NA,NA,NA,NA,NA,NA,NA,NA,NA,NA,NA,NA,NA,NA,NA
Kirovsk,LEN,25650,26683,North West,XYZ123,Leningrad oblast,Kirovsky,Korovsk,Kirovsky,Korovsk,NA,NA,NA,NA,NA,NA,NA,NA,NA,NA,NA,NA,NA
Karasuk,NSB,28586,26673,Siberia,XYZ123,XYZ123,Karasul,Karasu,Karasur,NA,NA,NA,NA,NA,NA,NA,NA,NA,NA,NA,NA,NA,NA
Vlasicha,MOS,26359,26417,Central,XYZ123,XYZ123,Vlasikha,NA,NA,NA,NA,NA,NA,NA,NA,NA,NA,NA,NA,NA,NA,NA,NA
Kirzac,VLA,29965,26331,Central,Kirzhach,XYZ123,Kirza,NA,NA,NA,NA,NA,NA,NA,NA,NA,NA,NA,NA,NA,NA,NA,NA
Kirejevsk,TUL,25557,26217,Central,Kireyevsk,XYZ123,Kireevsk,NA,NA,NA,NA,NA,NA,NA,NA,NA,NA,NA,NA,NA,NA,NA,NA
Kirovsk,MUR,28625,26206,North West,XYZ123,Murmansk oblast,Kirovsky,Korovsk,Kirovsky,Korovsk,NA,NA,NA,NA,NA,NA,NA,NA,NA,NA,NA,NA,NA
Novopavlovsk,STA,26562,26106,Northern Caucasus,XYZ123,XYZ123,Novopavlovsky,NA,NA,NA,NA,NA,NA,NA,NA,NA,NA,NA,NA,NA,NA,NA,NA
Polysajevo,KEM,27624,26012,Siberia,Polysayevo,XYZ123,Polysaevo,NA,NA,NA,NA,NA,NA,NA,NA,NA,NA,NA,NA,NA,NA,NA,NA
Skopin,RAZ,30376,26005,Central,XYZ123,XYZ123,Skopino,NA,NA,NA,NA,NA,NA,NA,NA,NA,NA,NA,NA,NA,NA,NA,NA
Balabanovo,KLG,26337,25775,Central,XYZ123,XYZ123,Balobanovo,Barabanovo,Balabanov,NA,NA,NA,NA,NA,NA,NA,NA,NA,NA,NA,NA,NA,NA
Kimovsk,TUL,28485,25727,Central,XYZ123,XYZ123,Klimovsk,NA,NA,NA,NA,NA,NA,NA,NA,NA,NA,NA,NA,NA,NA,NA,NA
Otradnoje,LEN,23866,25623,North West,Otradnoye,XYZ123,Otradnoe,NA,NA,NA,NA,NA,NA,NA,NA,NA,NA,NA,NA,NA,NA,NA,NA
Mostovskoj,KND,25075,25014,Southern,Mostovskoy,XYZ123,Mostovskoe,NA,NA,NA,NA,NA,NA,NA,NA,NA,NA,NA,NA,NA,NA,NA,NA
Ozery,MOS,25800,25012,Central,Ozyory,XYZ123,Ozerny,Ozero,Ozera,Ozerye,NA,NA,NA,NA,NA,NA,NA,NA,NA,NA,NA,NA,NA
Mednogorsk,ORB,27292,24896,Volga,XYZ123,XYZ123,Mednogorsky,NA,NA,NA,NA,NA,NA,NA,NA,NA,NA,NA,NA,NA,NA,NA,NA
Inta,KOM,32080,24878,North West,XYZ123,XYZ123,Irta,Inya,Ina,Ista,Inga,NA,NA,NA,NA,NA,NA,NA,NA,NA,NA,NA,NA
Morozovsk,ROS,27642,24822,Southern,XYZ123,XYZ123,Morozovsky,NA,NA,NA,NA,NA,NA,NA,NA,NA,NA,NA,NA,NA,NA,NA,NA
Pavlovsk,VRN,25126,24542,Central,XYZ123,XYZ123,Pavlovsky,NA,NA,NA,NA,NA,NA,NA,NA,NA,NA,NA,NA,NA,NA,NA,NA
Sasovo,RAZ,28118,24523,Central,XYZ123,XYZ123,Sazovo,Basovo,Salovo,Spasovo,Sakovo,Sadovo,Susovo,Samovo,NA,NA,NA,NA,NA,NA,NA,NA,NA
Kraskovo,MOS,21250,24366,Central,XYZ123,XYZ123,Krasnovo,Kaskovo,Krasikovo,Kravkovo,Krakovo,Krashovo,Uraskovo,Karaskovo,NA,NA,NA,NA,NA,NA,NA,NA,NA
Semenov,NNO,24473,24180,Volga,Semyonov,XYZ123,Semenovo,Semeno,Semenova,NA,NA,NA,NA,NA,NA,NA,NA,NA,NA,NA,NA,NA,NA
Asino,TOM,25618,24141,Siberia,XYZ123,XYZ123,Askino,Esino,Azino,Arino,Anino,Adino,Alino,Osino,NA,NA,NA,NA,NA,NA,NA,NA,NA
Rodniki,IVA,26310,24061,Central,XYZ123,XYZ123,Rodnik,Rudniki,NA,NA,NA,NA,NA,NA,NA,NA,NA,NA,NA,NA,NA,NA,NA
Sarja,KOS,23681,23807,Central,Sharya,XYZ123,Sara,Sarpa,Sarga,Sarva,Sarka,Sarma,NA,NA,NA,NA,NA,NA,NA,NA,NA,NA,NA
Ipatovo,STA,26053,23579,Northern Caucasus,XYZ123,XYZ123,Ilatovo,NA,NA,NA,NA,NA,NA,NA,NA,NA,NA,NA,NA,NA,NA,NA,NA
Buj,KOS,25763,23578,Central,Buy,XYZ123,Bub,Bur,Buk,NA,NA,NA,NA,NA,NA,NA,NA,NA,NA,NA,NA,NA,NA
Uvarovo,TAM,26830,23578,Central,XYZ123,XYZ123,Utarovo,NA,NA,NA,NA,NA,NA,NA,NA,NA,NA,NA,NA,NA,NA,NA,NA
Tatarsk,NSB,24217,23523,Siberia,XYZ123,XYZ123,Tatarsky,NA,NA,NA,NA,NA,NA,NA,NA,NA,NA,NA,NA,NA,NA,NA,NA
Lensk,SCA,24966,23237,Far East,XYZ123,XYZ123,Lensky,NA,NA,NA,NA,NA,NA,NA,NA,NA,NA,NA,NA,NA,NA,NA,NA
Tajga,KEM,25331,23168,Siberia,Tayga,XYZ123,Tanga,Tamga,Targa,NA,NA,NA,NA,NA,NA,NA,NA,NA,NA,NA,NA,NA,NA
Fokino,PRI,23696,23058,Far East,XYZ123,Skotovo-17,Kokino,Mokino,Bokino,Fomkino,Fomino,Fokina,Fokin,Foykino,Rokino,Fonino,Forino,NA,NA,NA,NA,NA,NA
Gorodisce,VGG,21381,23054,Southern,Gorodishche,XYZ123,Gorodische,NA,NA,NA,NA,NA,NA,NA,NA,NA,NA,NA,NA,NA,NA,NA,NA
Lermontov,STA,22541,22601,Northern Caucasus,XYZ123,XYZ123,Lermontovo,NA,NA,NA,NA,NA,NA,NA,NA,NA,NA,NA,NA,NA,NA,NA,NA
Kommunar,LEN,20211,22522,North West,XYZ123,XYZ123,Kommunary,Kommuna,NA,NA,NA,NA,NA,NA,NA,NA,NA,NA,NA,NA,NA,NA,NA
Nikolskoje,LEN,19280,22490,North West,Nikolskoye,XYZ123,Nikolskoe,NA,NA,NA,NA,NA,NA,NA,NA,NA,NA,NA,NA,NA,NA,NA,NA
Velsk,ARC,23885,22311,North West,Velsk,XYZ123,Belsk,Vels,NA,NA,NA,NA,NA,NA,NA,NA,NA,NA,NA,NA,NA,NA,NA
Mendelejevsk,TAT,22075,22305,Volga,Mendeleyevsk,XYZ123,Mendeleevsk,NA,NA,NA,NA,NA,NA,NA,NA,NA,NA,NA,NA,NA,NA,NA,NA
Bavly,TAT,22109,22145,Volga,XYZ123,XYZ123,Baly,NA,NA,NA,NA,NA,NA,NA,NA,NA,NA,NA,NA,NA,NA,NA,NA
Omutninsk,KIR,23615,21844,Volga,XYZ123,XYZ123,Omutninsky,NA,NA,NA,NA,NA,NA,NA,NA,NA,NA,NA,NA,NA,NA,NA,NA
Kotovo,VGG,24115,21780,Southern,XYZ123,XYZ123,Ketovo,Botovo,Kitovo,Kolovo,Krotovo,Rotovo,Kostovo,Kotov,Kosovo,Kotlovo,Koltovo,Motovo,Kortovo,Sotovo,Kokovo,Komovo,NA
Verescagino,PER,22156,21648,Volga,Vereshchagino,XYZ123,Vereschagino,NA,NA,NA,NA,NA,NA,NA,NA,NA,NA,NA,NA,NA,NA,NA,NA
Chotkovo,MOS,21505,21236,Central,Khotkovo,XYZ123,Chutkovo,NA,NA,NA,NA,NA,NA,NA,NA,NA,NA,NA,NA,NA,NA,NA,NA
Lyskovo,NNO,21880,21176,Volga,XYZ123,XYZ123,Leskovo,Liskovo,Lykovo,Laskovo,Lysovo,Lysnovo,NA,NA,NA,NA,NA,NA,NA,NA,NA,NA,NA
Dudinka,KNJ,22175,20952,Siberia,XYZ123,XYZ123,Yudinka,Rudinka,Duginka,NA,NA,NA,NA,NA,NA,NA,NA,NA,NA,NA,NA,NA,NA
Osa,PER,21188,20899,Volga,XYZ123,XYZ123,Ola,Oma,Ora,Isa,Oka,Osha,Usa,Osh,NA,NA,NA,NA,NA,NA,NA,NA,NA
Berezovka,KNJ,20887,20847,Siberia,Beryozovka,XYZ123,Derezovka,Berezova,Berezovki,Beregovka,NA,NA,NA,NA,NA,NA,NA,NA,NA,NA,NA,NA,NA
Puscino,MOS,20332,20797,Central,Pushchino,XYZ123,Puschino,Pushino,NA,NA,NA,NA,NA,NA,NA,NA,NA,NA,NA,NA,NA,NA,NA
Bologoje,TVE,23494,20739,Central,Bologoye,XYZ123,Bologoe,NA,NA,NA,NA,NA,NA,NA,NA,NA,NA,NA,NA,NA,NA,NA,NA
Monino,MOS,22821,20632,Central,XYZ123,XYZ123,Manino,Ponino,Morino,Minino,Mokino,Munino,Mosino,Sonino,Donino,Konino,Molino,Ronino,Fonino,Monkino,Gonino,Ionino,NA
Kaltan,KEM,21892,20610,Siberia,XYZ123,XYZ123,Kaltay,NA,NA,NA,NA,NA,NA,NA,NA,NA,NA,NA,NA,NA,NA,NA,NA
Kurovskoje,MOS,21819,20605,Central,Kurovskoye,XYZ123,Kurovskoe,NA,NA,NA,NA,NA,NA,NA,NA,NA,NA,NA,NA,NA,NA,NA,NA
Arsk,TAT,18114,20523,Volga,XYZ123,XYZ123,Ursk,Aryk,Arik,Arak,Arāk,NA,NA,NA,NA,NA,NA,NA,NA,NA,NA,NA,NA
Ostrov,PSK,21668,20482,North West,XYZ123,XYZ123,Ostrova,Ostrog,NA,NA,NA,NA,NA,NA,NA,NA,NA,NA,NA,NA,NA,NA,NA
Ocha,SCL,23008,20391,Far East,Okha,XYZ123,Acha,Osha,Icha,NA,NA,NA,NA,NA,NA,NA,NA,NA,NA,NA,NA,NA,NA
Bobrov,VRN,19738,20238,Central,XYZ123,XYZ123,Bobrovo,Bobov,NA,NA,NA,NA,NA,NA,NA,NA,NA,NA,NA,NA,NA,NA,NA
Kotelnikovo,VGG,20428,20195,Southern,Kotelnikovo,XYZ123,Kotelnikov,NA,NA,NA,NA,NA,NA,NA,NA,NA,NA,NA,NA,NA,NA,NA,NA
Razumnoje,BEL,16600,20172,Central,Razumnoye,XYZ123,Razumnoe,NA,NA,NA,NA,NA,NA,NA,NA,NA,NA,NA,NA,NA,NA,NA,NA
Rybnoje,RAZ,18380,20125,Central,Rybnoye,XYZ123,Rybnoe,NA,NA,NA,NA,NA,NA,NA,NA,NA,NA,NA,NA,NA,NA,NA,NA
Kubinka,MOS,22964,20104,Central,XYZ123,XYZ123,Kubina,Kubanka,Lubinka,NA,NA,NA,NA,NA,NA,NA,NA,NA,NA,NA,NA,NA,NA
Uva,UDM,19984,20090,Volga,XYZ123,XYZ123,Uvat,Usva,Iva,Ula,Ura,Uba,Uval,Uza,Uga,Usa,Uda,Una,Ulva,Uya,NA,NA,NA
Nikolsk,PEN,22471,20045,Volga,Nikolsk,XYZ123,Nikolsky,Nikolsko,NA,NA,NA,NA,NA,NA,NA,NA,NA,NA,NA,NA,NA,NA,NA
Igra,UDM,20737,20040,Volga,XYZ123,XYZ123,Ugra,Ira,Ikra,NA,NA,NA,NA,NA,NA,NA,NA,NA,NA,NA,NA,NA,NA
Sergac,NNO,21386,19997,Volga,Sergach,XYZ123,Serga,NA,NA,NA,NA,NA,NA,NA,NA,NA,NA,NA,NA,NA,NA,NA,NA
Pikalevo,LEN,21562,19981,North West,Pikalyovo,XYZ123,Pikalovo,NA,NA,NA,NA,NA,NA,NA,NA,NA,NA,NA,NA,NA,NA,NA,NA
Aldan,SCA,21275,19958,Far East,XYZ123,XYZ123,Alan,Altan,Alman,NA,NA,NA,NA,NA,NA,NA,NA,NA,NA,NA,NA,NA,NA
Bogotol,KNJ,21051,19819,Siberia,XYZ123,XYZ123,Bogopol,NA,NA,NA,NA,NA,NA,NA,NA,NA,NA,NA,NA,NA,NA,NA,NA
Usman,LIP,18685,19653,Central,XYZ123,XYZ123,Urman,Usmyn,Osman,Uman,NA,NA,NA,NA,NA,NA,NA,NA,NA,NA,NA,NA,NA
Terek,KBA,19170,19494,Northern Caucasus,XYZ123,XYZ123,Tereki,Tersk,NA,NA,NA,NA,NA,NA,NA,NA,NA,NA,NA,NA,NA,NA,NA
Bakal,CEL,20940,19009,Ural,XYZ123,XYZ123,Bakaly,Baykal,Bakay,Baka,NA,NA,NA,NA,NA,NA,NA,NA,NA,NA,NA,NA,NA
Kovylkino,MOR,21307,18978,Volga,XYZ123,XYZ123,Kovykino,Kobylkino,Kovylkin,Kovylino,NA,NA,NA,NA,NA,NA,NA,NA,NA,NA,NA,NA,NA
Dankov,LIP,21064,18830,Central,XYZ123,XYZ123,Dankovo,Pankov,Sankov,Dankova,NA,NA,NA,NA,NA,NA,NA,NA,NA,NA,NA,NA,NA
Onega,ARC,21359,18830,North West,XYZ123,XYZ123,Inega,NA,NA,NA,NA,NA,NA,NA,NA,NA,NA,NA,NA,NA,NA,NA,NA
Proletarsk,ROS,20267,18781,Southern,XYZ123,XYZ123,Proletarsky,NA,NA,NA,NA,NA,NA,NA,NA,NA,NA,NA,NA,NA,NA,NA,NA
Abdulino,ORB,20173,18768,Volga,XYZ123,XYZ123,Abdullino,NA,NA,NA,NA,NA,NA,NA,NA,NA,NA,NA,NA,NA,NA,NA,NA
Zverevo,ROS,22411,18561,Southern,XYZ123,XYZ123,Tverevo,NA,NA,NA,NA,NA,NA,NA,NA,NA,NA,NA,NA,NA,NA,NA,NA
Lgov,KRS,21453,18435,Central,Lgov,XYZ123,Lvov,Lgovo,NA,NA,NA,NA,NA,NA,NA,NA,NA,NA,NA,NA,NA,NA,NA
Kalac,VRN,20046,18429,Central,Kalach,XYZ123,Kala,Kalak,NA,NA,NA,NA,NA,NA,NA,NA,NA,NA,NA,NA,NA,NA,NA
Nikolajevsk-na-Amure,CBR,22752,18159,Far East,Nikolayevsk-on-Amur,XYZ123,Nikolaevsk-na-Amure,NA,NA,NA,NA,NA,NA,NA,NA,NA,NA,NA,NA,NA,NA,NA,NA
Linevo,NSB,20707,18051,Siberia,Linyovo,XYZ123,Lunevo,Linovo,Sinevo,Lilevo,NA,NA,NA,NA,NA,NA,NA,NA,NA,NA,NA,NA,NA
Inza,ULJ,18803,17442,Volga,XYZ123,XYZ123,Inya,Ina,Inga,NA,NA,NA,NA,NA,NA,NA,NA,NA,NA,NA,NA,NA,NA
Sobinka,VLA,19482,17375,Central,XYZ123,XYZ123,Sabinka,Sofinka,Sominka,NA,NA,NA,NA,NA,NA,NA,NA,NA,NA,NA,NA,NA,NA
Suvorov,TUL,18973,17360,Central,XYZ123,XYZ123,Suvorovo,NA,NA,NA,NA,NA,NA,NA,NA,NA,NA,NA,NA,NA,NA,NA,NA
Kusa,CEL,18792,16913,Ural,XYZ123,XYZ123,Kosa,Kuba,Kuva,Kusak,Kusha,Nusa,Kuda,Kuka,Kuma,Kumsa,Kuya,Kuta,Kufa,Kust,NA,NA,NA
Kizel,PER,19587,14162,Volga,XYZ123,XYZ123,Gizel,Kipel,Kuzel,Kizer,NA,NA,NA,NA,NA,NA,NA,NA,NA,NA,NA,NA,NA
